0,New Series
1,Def Jam Recordings 
2,Mercury
3,Contrarotative
4,Warp Records
5,Tommy Boy
6,Internal
7,Head Fuck Records
8,Thud Rumble
9,Tidy Trax
10,MCA Records
11,Nite Grooves
12,Qwest Records
13,Columbia
14,Urban Takeover
15,Kameezol Records
16,Cold Rush Records
17,Sire
18,Harmonie Park
19,Island Records
20,Fischkopf Hamburg
21,Natural Wonder
22,Virgin
23,Superegular Recordings
24,ABB Records
25,Blow Up
26,Transparent Records Inc.
27,Moving Shadow
28,Hobo Camp
29,Not On Label 
30,Bigshot Records
31,Cascine
32,Kotzaak Unltd.
33,Aus Music
34,Hallucination
35,Rush Plus Records
36,Twin/Tone Records
37,X-Mix
38,Phantasy Sound
39,Remech Recordings
40,BEK Audio
41,Flaming Pie Records
42,Black Label 
43,MusicandPower 
44,Tino Corp.
45,NORD Records 
46,Cyclo
47,Soma Quality Recordings
48,New Images
49,Ndless Nite Records
50,Forest Jams
51,Adult Contemporary
52,Underground Quality
53,Atlantic
54,Electric Blue 
55,Cookin' Records
56,Epileptik Productions
57,Yellow Productions
58,Bingo Beats
59,New York Trax
60,Groove Nation Records
61,Ideal Audio
62,Relief Records
63,Rapster Records
64,M_nus
65,NovaMute
66,Houndstooth
67,Verve Records
68,Truncate
69,Styles Upon Styles
70,Getting Out Our Dreams
71,Motown
72,Universal Funk
73,Thrill Jockey
74,Night Club Records
75,Argot 
76,Deepfunk Records
77,7777
78,Vermin Scum Records
79,GNP Crescendo
80,CBS/Sony
81,Planetgroove
82,Guidance Recordings
83,Vortex Recordings
84,Classic
85,Ruff Draft Records
86,Teknological
87,Water Music Dance
88,Lewis Recordings
89,Transparent Music
90,Vendetta Records 
91,Cambria Instruments
92,Logic 3000 Records
93,Raw Fusion Recordings
94,Raw Beats
95,Thermal Recordings
96,Parkbeats
97,Databass Records
98,Soulfood
99,Grayhound Recordings
100,Virgin Records America
101,Moulton Studios Recordings
102,Grei Matter
103,Force Recordings
104,Stet Records
105,Glasgow Underground
106,Earache
107,A&M Records
108,Quarternote Records
109,Harthouse U.K.
110,Pendulum Records
111,Groove On
112,Relativity
113,UNI Records
114,Fruitmeat Records
115,Jade Tree
116,Aphrodite Recordings
117,Siesta Music
118,Crucial Sounds
119,Peacefrog Records
120,Loop Records 
121,Deep House Project
122,OM Records
123,TRIBAL America
124,Sinister Records
125,Universal Records
126,Waveform Records
127,Hiero Imperium
128,Epic Street
129,Scorpio 
130,Bush
131,Underground Construction
132,Jasper Stone Trax
133,Ambush
134,Ecco.Chamber
135,Spundae Recordings
136,Ninja Tune
137,Air Recordings
138,Freude Am Tanzen
139,Cases
140,Other
141,Profile Records
142,Rotation Records
143,Battlemaster Records
144,TNT Records
145,Blue Note
146,Perfecto
147,Blu Fin
148,Rufftrack Records
149,Mute
150,EastWest Records America
151,FFRR
152,Classified Records
153,Sm:)e Communications
154,Moonshine Music
155,Eukahouse
156,Kismet
157,Roadrunner Records
158,Subtitled Records
159,Bang On!
160,Harthouse America
161,Holzplatten
162,Clean Up Records
163,Nettwerk America
164,Wikkid Records
165,Freetown Inc
166,Afro Wax Records
167,Sure Shot Recordings
168,Gang Go Music
169,Atomic Records
170,Limit
171,Velvet Vibe Recordings
172,EDM
173,No Respect Records
174,Geffen Records
175,HiTop Records
176,Real Estate Records
177,Pirate Wax Records
178,Flatline Records 
179,Tetsuo
180,Phoenix Uprising
181,Based On Bass
182,Maverick
183,Tabu Records
184,Corb
185,DHM Records 
186,Radikal Records
187,Masters Of Hardcore
188,Pockets Linted Entertainment
189,Maxi Records
190,Shahr Farang
191,Locked On
192,Beste Modus
193,Igloo Music
194,Vinyl Only 
195,Subcity Records
196,On The Brink Recordings
197,Unknown Deetroit
198,Metalheadz
199,Ruthless Records
200,The Regal Beagle
201,Counter Records
202,Fit Sound
203,Silver Network
204,Four Play Music
205,100% Silk
206,Chi-Steez
207,Plastik People Recordings
208,Homage
209,Sounds Of The City 
210,Le-Edits Records
211,Traxx Underground
212,Discovery Recordings
213,Ostgut Ton
214,F Communications
215,Trax Records
216,Vanity Press Records
217,Low Pressings
218,Data Records
219,Delusions Of Grandeur
220,Fly Eye
221,Market House Meats
222,Cajual Records
223,Seasons Recordings
224,Remedie
225,U-Freqs
226,Defected
227,Warner Bros. Records
228,Flavour Vinyl
229,Chopstick Dubplate
230,Junior Boy's Own
231,Leaf
232,Dance Mania
233,Addict Records
234,Analog Records USA
235,Luke Records
236,4AD
237,Hoo Bangin' Records
238,Metroplex
239,REKIDS
240,Blut
241,Reinforced Records
242,Arista
243,Rhythm King Records
244,is / was
245,EastWest
246,Mary Joy Recordings
247,Border Community
248,Roc-A-Fella Records
249,Greyboy Records
250,Young Turks
251,Copasetik Recordings
252,Select Recordings
253,EastWest Records
254,Vakant
255,Praxis
256,Chrysalis
257,Atavisme
258,Seasons Limited
259,Serious Entertainment
260,Liquid Music
261,Royal Roost
262,Tilted Records
263,MoJazz
264,Slip-N-Slide Records
265,Wu-Tang Records
266,T.J.S.B.
267,BP Records Inc.
268,RCA Victor
269,Hot Tracks
270,Basic Channel
271,Left Hand Path
272,Wax Poetics Records
273,Crosstown Rebels
274,Dirt Style Records
275,KA Records
276,Razor N Tape
277,Boysnoize Records
278,DGTL Records
279,CBS Masterworks
280,Stigmata 
281,Bluebird
282,Music! Music Group
283,Yb70
284,Regular
285,Diggin' Disco Deep
286,Cee-Low Entertainment
287,Nervous Records
288,Modern Recording Company
289,Yore Records
290,Krinjah
291,Sunnyview
292,Planet E
293,Best Record Italy
294,Kromatones
295,Revision Records 
296,Electric Mayhem Productions
297,Bandura
298,Contact
299,Not On Label
300,Battle Axe Records
301,CGI Records 
302,Genetiks Recordings
303,Rush Hour Recordings
304,Adult Only
305,On Records 
306,Madhouse Records
307,Barba Records
308,Moody Records
309,Saved Records
310,Epm Music
311,Crammed Discs
312,Tresor
313,Major Records 
314,RCA
315,Perlon
316,Ghostly International
317,How To Kill Records
318,Irma
319,Solid Cut Records
320,[pias]
321,The Bunker New York
322,Spectral Sound
323,Smooth Agent Records
324,Radikal Fear
325,Big Bam Boom
326,Aerotek Recordings
327,Switch Recordings
328,Capitol Records
329,Happy Vibe Productions
330,Nakameguro Yakkyoku Recordings
331,Psycho+Logical-Records
332,Texas Scratch League Records
333,Kitty-Yo
334,Drumcode
335,Versatile Records
336,Polydor Ltd.
337,CBS Special Products
338,Vinyl Communications
339,L.I.E.S.  
340,Ego Death
341,Infrabass
342,Direct Beat
343,Disques Sinthomme
344,Pheel Music
345,D.C. Recordings
346,Voice-Noise Records
347,AT Records
348,Lost Soul Enterprises
349,Attack Records
350,Scandinavia
351,Rabid Records
352,UFO Recordings
353,Elektra
354,Uncivilized World
355,Audio Blueprint
356,Aficionado Recordings
357,Drop Bass Network
358,Freak Mode
359,Hook Up Tunes
360,Bastard Loud Records
361,Stones Throw Records
362,Never Records
363,Bloody Fist Records
364,Blue Planet Recordings
365,Suburban Base Records
366,Violent Turd
367,Wanted Records 
368,Position Chrome
369,Flesh Records
370,Sys-X Records
371,Unique Muzique
372,Force Inc. Music Works
373,Don Q Records
374,SMC Recordings
375,Chillifunk Records
376,Maximum Impact Records
377,Hardkiss
378,Hi-Phen Music Delivery
379,Herbal Essence
380,Ghost Town
381,[PIAS] Recordings
382,Mo Wax
383,303 Recordings
384,Big Beat
385,Ultra Records
386,Basement Boys Records
387,My Last Wish
388,Hot Mix 5 Records
389,V Recordings
390,Wild Pitch Records
391,Re-load Records
392,Intuit-Solar
393,Traum Schallplatten
394,Pylon Records 
395,Serchlite Music
396,Raptivism
397,Kombination Research
398,Lilac Point Recordings
399,Framework Music
400,Kult Records
401,Kingsize
402,Hidden Agenda
403,Rush Associated Labels
404,Kranky
405,ATP Recordings
406,Sugar Hill Records
407,Higher Ground
408,Star 69 Records
409,Modern Urban Jazz
410,Get On Down
411,Delabel
412,Sonix
413,Tora Tora Tora
414,Mars Assault
415,Manifest Music
416,Terror Traxx
417,Enzyme Records
418,KK Traxx
419,Go! Discs
420,Interscope Records
421,Purple Music
422,Bust A Groove
423,Chez Music
424,Medicine Label
425,Rawkus
426,Undercontrol
427,Audio Attack Records
428,Phat Trax
429,Odds & Ends Music
430,Penny Black
431,International House Records
432,SOUR
433,Antenna International
434,Alola
435,Kinetic Records
436,Rip-It Records
437,Dischord Records
438,Mamma's Home Cookin
439,Echo Drop
440,Planet Rhythm Records
441,Smitten
442,4th & Broadway
443,Unique
444,Liquid Sound Lounge
445,Wally's Groove World
446,Howlin' Records
447,Kushi
448,Great Jones
449,Jive
450,E-SA Records
451,Djax-Up-Beats
452,V2
453,Unidisc
454,Henry Street Music
455,Ubiquity
456,Argo 
457,Frontline Records
458,Chicks On Speed Records
459,Deceptive
460,Evolution 
461,Karloff
462,Scepter Records
463,Code Red Recordings
464,Asphodel
465,Topaz
466,International Breakbeat Inc.
467,Dark And Evil
468,Musik Krause
469,DGC
470,West Side Records 
471,Care Recordings
472,Prismatic Tracks
473,Duck Down
474,Smash Hit Music Co
475,Skull Tunes
476,Scantraxx
477,Frik:N:Frak Recordings
478,Amber Records
479,Playhouse
480,Question
481,Subhead
482,Underground Resistance
483,King Street Sounds
484,Poji Records
485,Armed Records
486,Astralwerks
487,EFA
488,Prestige
489,Pagan America
490,Joker Records
491,Pickwick/33 Records
492,Renegade Recordings
493,Sick & Twisted
494,CLR 
495,Celluloid Records
496,Tough Luck
497,20th Century Fox Records
498,Miami Soul
499,Big Cat
500,Nott-Us Records
501,Trauma Records 
502,Shady Records
503,TVT Records
504,Interzone
505,Rap-A-Lot Records
506,Audio Couture
507,T.K. Disco
508,I Hear Ya! Records
509,Epic
510,Nepenta
511,Beatz
512,Splash Recordings
513,Payday
514,NRK Sound Division
515,Darkroom Dubs
516,Realize
517,Influence
518,Renegade Records NYC
519,D3
520,Stik Records
521,Rap-A-Lot 4 Life
522,So So Def
523,Sugar Daddy Records
524,Picture Perfect Records
525,Threshold 
526,Cutting Traxx
527,Formaldehyd
528,Coral
529,Stockholm Records
530,Priority Records
531,Highland Beats Technology Music Works
532,Solar
533,Nukleuz
534,Dance Pollution
535,Almighty Records
536,EMI-Manhattan Records
537,Carnal
538,Jersey Underground
539,Uncle P
540,Pepper
541,Creation Records
542,Urban Flavour Records
543,Vicious Circle Recordings
544,Liberty
545,Club Recordings
546,Biv Ten Records
547,CLRetry
548,Koch Records
549,Tuff Break Records
550,Magic Trax
551,Tonic Recordings
552,Bombay Records 
553,Intersound
554,EDJ Records
555,!K7 Records
556,Dekmantel
557,BK. Confidential
558,Surveillance
559,Acid Test Pressings
560,Reprise Records
561,Nature Sounds
562,Exalt Recordings
563,Bad Boy Records 
564,Smokin' Drum
565,Major League Entertainment
566,Monotone Records
567,was / is
568,The Nite Owl Diner
569,Bahnsteig 23
570,Inflamable
571,Glitterbox
572,Vinylmania
573,Planet Mu
574,Eastern Conference
575,Activ-Analog Records
576,Foundation X
577,Moods & Grooves
578,Death Row Records 
579,Strictly Rhythm
580,HNYTRX
581,Exotic Dance Records
582,Cynic
583,Nu Groove Records
584,Fondle 'Em
585,Objektivity
586,Eargasmic Recordings
587,Antideepressant
588,Rhymesayers Entertainment
589,Office Recordings
590,Detroit Westside Kid
591,Acid Jazz
592,The DNB Guild
593,Confused House
594,Redefinition Records
595,Circus Company
596,GrÌ_nland Records
597,Synapsis Records
598,Eye Teeth
599,Khasia Hills
600,Tigerbeat6
601,Club U Nite Records
602,Family Groove Records
603,Javotti Media
604,Unknown Label Milano
605,LateNightTales
606,Sockett
607,Mom + Pop
608,Delicious Vinyl
609,Infrared
610,Rowdy Records
611,Ruffhouse Records
612,Alleviated Records
613,HOUSEWAX
614,Chiwax Classic Edition
615,Chiwax
616,Toolbox Killerz
617,Forced Nostalgia
618,D3 Elements
619,Bosom
620,Cold Tonic
621,La Vie D'Artiste Music
622,Running Back
623,Hot Haus Recs
624,Matador
625,Druzhba
626,Slow Down
627,Afro Acid Plastik
628,Independiente
629,Robsoul Recordings
630,Central Park Recordings
631,Imperial Dub Recordings
632,Moody Recordings
633,Warlock Records
634,5XO-294
635,Loud Records
636,Polystar 
637,Tappan Zee Records
638,Bell Records
639,Insumision
640,Fresh Records
641,Stray Records
642,Aftermath Entertainment
643,Wax Trax! Records
644,Klapmaster Records
645,Mosaic
646,BBE
647,Dead Gods
648,YÅÇgen Records
649,Root Down Records
650,Michigander
651,Interdimensional Transmissions
652,Secret Mixes Fixes
653,Bath House Etiquette
654,Twilight 76 Records
655,Wania
656,NDATL Muzik
657,Obonit
658,Devon Records
659,Esquire Records
660,Subwoofer
661,Studio !K7
662,i! Records
663,Prism
664,User
665,Housetime Records
666,Emcee Recordings
667,Tempa
668,Wrap Records
669,Pampa Records
670,Breakin' Records
671,New Breed
672,Wild Oats
673,Knob America
674,Soul:r
675,Hipbone Records
676,Singles
677,The Urgency Of Change
678,Kne' Deep
679,Swing City Records
680,Creative Wax
681,Zone Records
682,I.R.S. Records
683,Parlophone
684,Orpheus Records
685,Spring Theory
686,Hotbath
687,Razor N Tape Reserve
688,Mint Condition 
689,Super Tuff Records
690,Whiskey Disco Small Batch
691,UMM
692,RCA Records Label
693,Def Jam Recordings
694,Air Cuts
695,Weekend Records
696,Three Six Zero Music
697,DeepLabs
698,Yoshitoshi Recordings
699,Sound Signature
700,Mile High
701,Disposable Commodities
702,Lumberjacks In Hell
703,Correct Records
704,Harthouse
705,Downtown 304
706,Pop Art Records
707,Permanent Records 
708,Model Records 
709,Love Notes 
710,Wednesday Sound
711,Mentha Records
712,Motorik!
713,Hardfloor
714,Synewave
715,KMS
716,430 West
717,SBK Records
718,Plus 8 Records
719,Vestax
720,Deep Groove Records 
721,Subterranean Playhouse Series
722,Bu-Mako Recordings
723,K-Otix Entertainment
724,Communique Records
725,Hyperdub
726,Livity Sound
727,Purple Maze
728,Serial Killers Haircut
729,Interface Records
730,Nite Life Collective
731,Large Records
732,Orthlorng Musork
733,Guesthouse Music
734,Soul Phusion Records
735,Primevil
736,OMW 
737,EIGHT-TRACKS
738,DRO
739,Black Soul On Vinyl
740,Kompakt
741,i220
742,Sixeleven Records 
743,CBS
744,Missile Records
745,Acid Fuckers Unite 
746,Ingoma
747,Low Rent Operator
748,Kaos Records
749,BPitch Control
750,good:as
751,Talkin' Loud
752,Odori
753,System Recordings
754,Disques Solid
755,Alpha Recordings
756,JP Records
757,Photo Records
758,Zod
759,Eightball Records
760,Stereoseven Plus
761,Gourmet Recordings
762,Razor & Tie
763,Genetic Recordings
764,Niche Blue
765,Hardleaders
766,DFM Records
767,Definitive Recordings
768,DK Records
769,Division 13
770,Hi-Bias Records
771,Junkie Vinyl
772,Maskros Music
773,Sim
774,Blatant Beats
775,Banana Mouth Records
776,Tumblin' Records
777,Black No Sugar
778,Paramount Records
779,Digerati Recordings
780,Ovum Recordings
781,Groovilicious
782,Portrait
783,Contagious Records
784,Sneak Attack Entertainment
785,On-Off
786,Jam Down Records
787,VSP
788,Frisbee Tracks
789,Soap Records
790,Pro-Zak Trax
791,Royal Drums
792,DIP Recordings 
793,One Little Indian
794,Madlib Invazion
795,Pure Plastic
796,Q-Records
797,Potential
798,Eye Q Records
799,BXR
800,Lection Records
801,StreetBeat Records
802,Spymania
803,Noble Square Recordings
804,LPH WHITE
805,People Of Earth
806,R & S Records
807,Unirhythm
808,89:GHOST
809,Hector Works
810,Viva!
811,Emergency Umbrella Records
812,Infuse
813,Beautiful Granville Records
814,3am Recordings
815,Goldtone Records
816,90's Wax
817,EMI
818,For Those That Knoe
819,Slice-of-Spice
820,Pro-Jex
821,International Feel Recordings
822,TouchÌ©
823,Bordello A Parigi
824,TerraFirmå¨
825,Tokyo Wax
826,Ouvert
827,Waxtefacts
828,High Octane Recordings
829,Virus Recordings
830,Blueprint
831,Sorted Records
832,Too Pure
833,Digital Disco
834,Bad Boy Entertainment
835,Casablanca
836,Organico
837,Philadelphia International Records
838,Blackground Enterprises
839,Snake Eyes & Sevens
840,Front Page Entertainment
841,21 Records
842,Canvas
843,Dub Society Recording
844,"The New And ""Untouchable"" Death Row Records"
845,Hhatri
846,Katnip
847,Verdant Recordings
848,AC-EXP
849,Suave House
850,Hot 'N' Spycy
851,Area Code Records 
852,Enclave Records 
853,Patterns Of London
854,Phone Traxxx
855,Decay Records 
856,Pen & Paper
857,Rawax
858,P&D
859,Kin-Ben Label
860,Mr. Disc Organization
861,Microdrive
862,Inkal
863,Super Rhythm Trax
864,Shall Not Fade
865,Going Good
866,Jungle Sky
867,31 Records
868,Subtitles
869,Scarface Records
870,Detroit Vinyl Room
871,Naked Music Recordings
872,Subterraneous Records
873,Jam Packed
874,Bliss Productions
875,Vision Records 
876,PV
877,Fat Beats
878,Better Listen Records
879,Paisley Park
880,Restricted Access
881,Loop D' Loop
882,Hefty Records
883,SMEJ
884,Ki/oon
885,Abolano Records
886,2 Hype
887,Push Play Records
888,Dread Recordings
889,Look At You Records
890,Low Pressure
891,Blueprint 
892,Twist-N-Tangle
893,Illgore Records
894,Surge Recordings
895,AV8 Records
896,Toolbox 
897,Kif Recordings
898,Smokers Inc
899,VMG Music
900,Swishahouse
901,Eastside Records
902,Dirt Crew Recordings
903,Fuze Recordings
904,Redwood Records 
905,Music Man Records
906,Ebullition Records 
907,Projekt
908,Direct Music Service
909,Fastmusic
910,Bedrock Records
911,Coast
912,Donsen Park Records
913,Tune Characters Entertainment
914,51st State
915,Doctor Vibe Records
916,Science Fiction Records
917,Enigma Records 
918,Poison Records
919,Federation Records
920,Nitelist Music
921,Ohm Resistance
922,Care In The Community Recordings
923,Continuum Records
924,Flat & Round
925,Pepper Records
926,Fusion Records Inc.
927,Blueline Music
928,Industry Records
929,Terraformat Records
930,ET Funk
931,Cotillion
932,Phunked Up Recordings
933,Low Pressings Limited
934,EAMS
935,Muzik Magazine
936,Charisma
937,Bear Necessities
938,Tribe Recordings
939,Inneractive Music
940,C.I.A.
941,Full Cycle Records
942,Star Trak Entertainment
943,AV8
944,Global Thang
945,Mixed Emotions Record Co.
946,Skinnymalinky Records
947,Flamboyant Entertainment
948,Future Vision Records
949,Hypnotic Tones Records
950,Future Classic
951,Certificate 18
952,Dirtybird
953,High Art Records
954,Emotif Recordings
955,Nude Club Records
956,Giant 
957,Audio Plants Recordings
958,Basic Vision
959,Aureus Records
960,Gee Street Independent
961,N*Soul
962,Psychostasia Recordings
963,Timeless Recordings
964,P.R.O. Division
965,1985 Music
966,Mysterious Works
967,Tweekin Records
968,Emotional Rescue
969,Expanded Soul
970,Cloak & Dagger Edits
971,LF RMX
972,Pulse Msc
973,Mother 
974,Mindcut
975,Shelter Records 
976,Variete Music
977,Coastal Haze
978,Zodiac 44
979,Downhill Music
980,Rewire Musik
981,Texas Recordings Underground
982,Another 
983,Detroit Underground
984,Downtown 161
985,Woodwurk
986,USB Records
987,Dailysession Records
988,Bla Bla Records
989,Black Sweat Records
990,Record Shack Records
991,Eglo Records
992,Slow Motion Records 
993,Rush Hour Music
994,Riviera Club
995,Firecracker Recordings
996,Psychopathic Records
997,Giegling
998,Ed Banger Records
999,Mammoth Records
1000,Money $ex Records
1001,The Trilogy Tapes
1002,Foreign Family Collective
1003,75 Ark
1004,Riot Beats
1005,Ornate Music
1006,Hudd Traxx
1007,Catalyst Recordings
1008,Enemy Soil
1009,JungleXpeditions Records
1010,Eighteenth Street Lounge Music
1011,Mindspore Records
1012,Play It Again Sam Records USA
1013,Raw Form
1014,Studio Sound
1015,Flash Traxx
1016,People Of Rhythm
1017,Red Brunette
1018,FXHE Records
1019,Coco Machete Records
1020,Danzalot Records
1021,Omen Recordings 
1022,SuperBra
1023,Ahead Of Our Time
1024,Gangstar Toons Industry 
1025,Kobayashi Recordings
1026,Plak Records
1027,Blind Box Series
1028,Night People NYC
1029,UMe
1030,American Recordings
1031,Scion Audio/Visual
1032,Labworks UK
1033,Thrust 
1034,Plein Gaz Productions
1035,Galapagos4
1036,Lakeshore Records
1037,a.r.t.less
1038,_Ï_µ_È___«_ü„è
1039,KGB Records 
1040,124 Recordings
1041,Solid Recordings
1042,AJP
1043,OTR 
1044,Kickin Records
1045,MÌ©nage Music
1046,Lust4House
1047,Domino USA
1048,Rinse & Repeat
1049,Danja Zone Entertainment
1050,Digital Hardcore Recordings 
1051,Sound Artillery
1052,SI Project
1053,Red Alert
1054,Flaver Shop Records
1055,Flower 
1056,Profane Vein Records
1057,Twisted America Records
1058,Impulse!
1059,Far Out Recordings
1060,Grit Records 
1061,Abstract Music
1062,Creative Sounds
1063,On Point Music
1064,Slammin' Records
1065,Playmobeat
1066,Citrus Recordings
1067,Congo Natty
1068,WaveTec
1069,Cosmic Records 
1070,Columbia Masterworks
1071,611 DnB
1072,Mix & Blen'
1073,Dessous Recordings
1074,Gossip Records
1075,React
1076,SOS Records
1077,D.J. International Records
1078,Mecca Recordings
1079,Bonzai Records
1080,ROIR 
1081,Mi Casa
1082,True Playaz
1083,ZYX Music
1084,Sub Octave
1085,Azuli Records
1086,Three Sixty Records
1087,MAP Dance
1088,Lil' Joe Records
1089,Tumbata Records
1090,Oak Lawn Records
1091,Tronic
1092,Vudu Recordings
1093,Warrior Wax
1094,Tech-Asylum Recordings
1095,AM Records
1096,Adventure Music
1097,Orgone
1098,Massive Drive Recordings
1099,Choice House
1100,Science
1101,Staub
1102,G Unit
1103,Junior London
1104,Vicious Grooves
1105,Sound State
1106,Hard Beats Inc.
1107,Kidesol Records
1108,Underfire
1109,Soopa Records
1110,Megatone Records
1111,Knight Life Recordings
1112,Solmatic Records
1113,Urbana Recordings
1114,Cloud City Records
1115,Nettwerk
1116,Stormcat Music
1117,Dance Street
1118,Paper Recordings
1119,Dorigen Music
1120,Nastymix Records
1121,Embedded
1122,We_r House
1123,Disco Demolition Records
1124,Fire Music
1125,Pressed For Time
1126,Apersonal Music
1127,Rewind Records 
1128,Fina Records
1129,Subliminal
1130,Tusk Wax
1131,Daptone Records
1132,Mindfood Records
1133,Primitive
1134,Stripes
1135,Autoreply Music
1136,Black Wood Records
1137,TRIBAL United Kingdom
1138,Distort Records
1139,Intercom Recordings
1140,Skint
1141,Enjoy Records
1142,Night Slugs
1143,Rawkuts
1144,"The ""Untouchable"" Death Row Records"
1145,Parousia
1146,Strictly Hype Recordings
1147,Radiograffiti
1148,20:20 Vision
1149,Rewind The Classics
1150,Night Shift Records 
1151,Flux White
1152,Tension Records
1153,Unknown To The Unknown
1154,Juke Trax
1155,Utopia Recordings
1156,Don't Be Afraid
1157,New York Trax Imports
1158,Adrenalin Records
1159,Gold Mind Records
1160,Westbound Records
1161,Shogun Audio
1162,Greenhouse Recordings
1163,DJB Records
1164,Aesthetic Audio
1165,God Particle
1166,Jesus Was Black
1167,Danny Was A Drag King
1168,Schematic
1169,Sonic Records
1170,Schmer
1171,Manna Records 
1172,Well Street Records
1173,Rhythm People
1174,Beste Freunde
1175,Z Records
1176,Serotonin
1177,Sonic Groove
1178,EXT
1179,Last Gang Records
1180,Planet Euphorique
1181,Bass Culture Records
1182,Lex Records
1183,Eastenderz
1184,Hi Tek Sounds
1185,Scissor and Thread
1186,Wash House
1187,Spaziotempo
1188,Analogical Force
1189,Galaxy Sound Co.
1190,Function
1191,Music From Memory
1192,Feedelity
1193,HouseOnWax
1194,Ndagga
1195,La Bella Di Notte
1196,Kimochi
1197,SUED
1198,Acid Avengers
1199,Money Studies Records
1200,Sub Pop
1201,Four:Twenty Recordings
1202,Kann Records
1203,Mule Musiq
1204,Bunchlox Music
1205,Timesig
1206,ATO Records
1207,Rolling Stones Records
1208,Touched Electronix
1209,Sampled Recordings
1210,TGP
1211,RoulÌ©
1212,Music That Moves
1213,Private Collection 
1214,Houseum Records
1215,Gruuv
1216,Kaoz Theory
1217,Kolour LTD
1218,Meta 
1219,Parliamnt
1220,Dance Sacred Records
1221,Moodmusic
1222,Accelerate
1223,Definitive Jux
1224,Total Energy
1225,Soiree Records International
1226,Portage Garage Sounds
1227,2MR
1228,City Limits
1229,Polydor
1230,Trax Of Interest
1231,Deep Vibes Recordings
1232,Antima Records
1233,REEL Discs
1234,Vicious Music
1235,Colourforms
1236,Holic Trax
1237,Los Hermanos
1238,Micmac Records
1239,Speaker Attack
1240,Mankind
1241,Phono
1242,Suicide Recordings
1243,Pittsburgh Tracks
1244,Gotham Grooves
1245,r.hitect
1246,Discoring Records
1247,Mother Records
1248,Third Mind Records
1249,Sonar Kollektiv
1250,Real People
1251,Vega Records
1252,Apollonia
1253,Dragonfly Records
1254,Elypsia
1255,Brique Rouge Traxx
1256,Stepwise Recordings
1257,Strapped Records
1258,Outbreak Records
1259,Biotic
1260,LaFace Records
1261,Rock And Fuck Records
1262,Nervous Dog Records
1263,Cold Chillin'
1264,Ksi Hard Records
1265,Napalm
1266,Rong Music
1267,La Musique Fait La Force
1268,Sunburn Records
1269,Emotive Records
1270,50Weapons
1271,Dum Records
1272,Output
1273,Lucy Lane Records L.L.C.
1274,Watergate Records
1275,Central
1276,Disgruntled Records
1277,Amputate
1278,Original Jazz Classics
1279,All City Records 
1280,Underground Vibe
1281,Contemporary Records
1282,Ecko Records
1283,Neurotrope
1284,React Recordings
1285,Facetoface
1286,Flipside Records 
1287,Groovin Recordings
1288,Tracid Traxxx
1289,Another Picture
1290,Kraftjerkz
1291,Terminal M
1292,XL Recordings
1293,Nonesuch
1294,Liquidator Music
1295,Chill Records 
1296,WIDEawake
1297,Perc Trax
1298,Def Jam Music Group Inc.
1299,Atomiq Records
1300,t:me
1301,Northport
1302,Zoo Music
1303,Faya Combo
1304,Primary Recordings
1305,GNG Records
1306,Embassy Records
1307,Bouq. Records
1308,Uni-Fi Records
1309,Universal
1310,High Rise Records
1311,Estatus Discos
1312,Realtime Records
1313,Timetable Records
1314,Jump Recordings
1315,Dance Baby Records
1316,Elliott Street Records
1317,Sub Terranean
1318,Lab-Oratory Records
1319,Episode
1320,Hustle Disc Records
1321,Hollywood Records
1322,Rephlex
1323,Jazzanova Compost Records 
1324,Beyond Real Recordings
1325,Fool's Gold Records
1326,Camouflage Recordings
1327,EMI America
1328,Theoretic Records
1329,R & R Record Review
1330,Tidy
1331,DreamWorks Records
1332,Cassius
1333,The Social Registry
1334,Music Plant
1335,House Works
1336,Katalyst Trax
1337,Invasion Records 
1338,CityDeep Music
1339,Beatservice Records
1340,Musiq
1341,Blazaebla
1342,Mantra Vibes
1343,Next Plateau Records Inc.
1344,Fonal Records
1345,Madacy Entertainment
1346,Slip 'n' Slide
1347,Zoo Entertainment
1348,Wobblyhead
1349,T.U.S.O.M. Recordings
1350,Beggars Banquet
1351,Ozone Music
1352,Impulse Records
1353,Detour Recordings
1354,Morris Audio Citysport Edition
1355,ECM Records
1356,Jaz Records
1357,Freezing Point
1358,X-Es Records
1359,Forged Recordings
1360,Shock Records
1361,Caffeine Records
1362,Dos Or Die Recordings
1363,Deco Records
1364,USR 
1365,Virgin Underground
1366,Chisel
1367,Hardcore Blasters
1368,Freaked Records
1369,Combustible
1370,Pitch Black
1371,Manual Music
1372,Consigned Recordings
1373,Red Ant Entertainment
1374,Vinyl Soul
1375,Airgap Records
1376,School Records
1377,Freeq Show
1378,Strictly Hits Vinyl Service
1379,Gyration
1380,Nublu Records
1381,Eve Records
1382,Tommy Boy Silver Label
1383,Smash Records
1384,UK Bonzai
1385,BeatFreak Recordings
1386,Saw Recordings
1387,Hitwave Music
1388,Pschent
1389,Honey Pot Recordings
1390,Pickwick
1391,Hypocrite Records
1392,Island Def Jam Music Group
1393,High Country Recordings
1394,Underwater Records
1395,Northwest Dynamics
1396,Y2K
1397,Armalyte
1398,TCB Music
1399,Shaboom Records
1400,Soundclash
1401,Chill Factor
1402,Ten Lovers Music
1403,Superstition
1404,Plastica
1405,End Recordings
1406,TeC
1407,Smokin' Productions
1408,Orion Muzik
1409,Village Sound
1410,Zync
1411,Waxworks Records
1412,Ammo Recordings
1413,Crimsyn Records
1414,Echo
1415,Gee Street
1416,Galaxy Sound Company
1417,Telharmonic Texture
1418,VSM Records
1419,Kaos Recordings
1420,Shadow Records
1421,Anticon
1422,Jimms Jams
1423,MadTech Records
1424,Gammaudion Records
1425,DDE
1426,Motivo Productions
1427,Tortured Records
1428,Bango
1429,Asbest Tracks
1430,Virgo Music
1431,Contaminated Muzik
1432,Katania Music
1433,Chocolate Industries
1434,W.T. Records
1435,audioJazz music
1436,Ghetto Safari
1437,7 Grand Records
1438,Afterhours
1439,Siccness.net
1440,L.A. Abstract
1441,Tripoli Trax
1442,Scribble Jam Records
1443,Network Records
1444,Edits From
1445,Developer Archive
1446,Black Hole 
1447,Footwork Audio
1448,Berceuse Heroique
1449,Karmis Productions
1450,Beats In Space Records
1451,Rescue Records
1452,Important Raver
1453,Modularz
1454,Elorf
1455,Whiskey Disco
1456,Bassic Records
1457,TXTRL
1458,Cutting Records
1459,Background
1460,Noizetek Recordings
1461,Landspeed Records
1462,SakskÌübing
1463,New West Records
1464,M-Plant
1465,Suspected
1466,Deeply Rooted 
1467,Dekagon Records
1468,Rare Bullet Records
1469,Bang Records
1470,Merge Records
1471,Active Underground
1472,TMR Classics
1473,Auto Reverse
1474,Sistrum Recordings
1475,Must Have Records
1476,WEA
1477,Industrial Strength Records
1478,Little Helpers
1479,Cuadra
1480,Micro.fon
1481,Hymen Records
1482,Bang A Rang
1483,Dirt Tech Reck
1484,Rhino Records 
1485,Cryovac Recordings
1486,Tripalium Records
1487,Abuser
1488,UMF Records
1489,Tremors
1490,Glenview Records Inc.
1491,Plan B Recordings
1492,Spirit Fuel
1493,OverOut
1494,803 Crystal Grooves
1495,Bosconi Records
1496,Aqua Boogie Records
1497,Dot Com
1498,Pure Sonik Records
1499,Fuse
1500,Hotshot
1501,GoodLife
1502,C Kunspyruhzy Records
1503,Swim ~
1504,Nu Futura Records
1505,4th Floor Records
1506,DiY Discs
1507,Mephisto Records
1508,Philosophie Music
1509,Svek
1510,Concept Music
1511,Meta
1512,Kiff SM
1513,Blkmarket Music
1514,Noise Music
1515,GrassRoots Recordings
1516,Tropical Disco
1517,Distant Music
1518,Spamusica
1519,Stickman Records
1520,Dynamic Tension Records
1521,Amenti Music
1522,48K 
1523,Safe In Sound Music
1524,541
1525,Kial
1526,Genesis 
1527,Johnny Johnny
1528,Soundsampler
1529,ZOKZOK
1530,Test Recordings
1531,Statra Recordings
1532,Orbital London
1533,Frustrated Funk
1534,NBAST
1535,Well Rounded Dubs
1536,Brownswood Recordings
1537,White Peach
1538,Virgin EMI Records
1539,RASSVET records
1540,Accidental Jnr
1541,Masterworks Music
1542,KLF Communications
1543,Compost Records
1544,PIV Limited
1545,12 Inch Monkeys
1546,SLS
1547,Naive 
1548,Quannum Projects
1549,Incienso
1550,Macker
1551,Phonica White
1552,Objekt
1553,Digwah
1554,BANK Records NYC
1555,Opus One
1556,Alternative Tentacles
1557,Munster Records
1558,Statik Records 
1559,Dj.ungle Fever
1560,Combine
1561,No-Tek Records
1562,Swanyard Records Ltd
1563,Men Records
1564,Speedboat
1565,System Corrupt
1566,Perfect.Toy Records
1567,Strike Records
1568,UHF Records
1569,Soundlab
1570,Crapshoot
1571,Mr Bongo
1572,Comet Records
1573,Dejavu
1574,Headstart Recordings
1575,Material Series
1576,Cocoon Recordings
1577,Plastik People Limited
1578,Bon Appetit Records
1579,Source Material
1580,Invade Records
1581,Toy Tonics
1582,Klockworks
1583,NICEPEOPLE
1584,No Smoking Records
1585,S Y N T H
1586,Sound Stream
1587,SÌük
1588,FCR 
1589,Pedro Goya
1590,Text Records
1591,Retrospect 
1592,Monnom Black
1593,ProForm Series
1594,International Major Label
1595,Neppa
1596,SPV Records
1597,Portica Recordings
1598,Sutra Records
1599,Island Records Inc.
1600,Passion Records Presents
1601,Fontana
1602,Perspective Records
1603,Liftin' Spirit Records
1604,Disturbing Tha Peace
1605,Higher Education
1606,Volcano 
1607,Epic/550 Music
1608,Basic Traxx Recordings
1609,Clashbackk Recordings
1610,Aspect
1611,Urban Projectz
1612,DJ West
1613,Chicago Damn
1614,CLAU
1615,Prescription 
1616,Esho Recordings
1617,Deep Soul
1618,Loopsound
1619,Tag Records 
1620,Gasoline Alley Records
1621,Tin Pan Apple
1622,Light In The Attic
1623,Immortal Records 
1624,Big Dawg
1625,Swift Records
1626,Pandisc
1627,Eternal
1628,Ear Candy
1629,Pamplemousse Productions
1630,Piranha Records
1631,Federation Of Drums
1632,Phuturo Recordings
1633,Life Records
1634,Form Recordings
1635,Six Degrees Records
1636,Grit Records
1637,Central Recordings 
1638,Avenue Distribution
1639,First Priority Music
1640,Against The Grain
1641,Selective Hearing Committee
1642,Transport Recordings
1643,Degenerate
1644,Flavor Unit Records
1645,Shanachie
1646,Up All Nite
1647,Dirty Fabric
1648,Limited Artifacts
1649,My Best Friend
1650,Pagan
1651,RHA Records
1652,United Artists Records
1653,Illtown 
1654,Work White
1655,Formation Records
1656,Quality
1657,PMD Records
1658,Stimulated Records
1659,Ultimix
1660,Baraka Foundation
1661,Tidy Two
1662,Silo Records 
1663,Livin' Large Records
1664,Mesa 
1665,Kultbox
1666,Celestial Conspiracy
1667,Disorient
1668,Wreck Records
1669,DKA Records
1670,Sonic Art Recordings
1671,Ltd. 440 Hz
1672,V-Wax
1673,Penalty Recordings
1674,Sony BMG Music Entertainment
1675,Pallas Records
1676,Kikyuu
1677,IOT Records
1678,History Records 
1679,New Identity Recordings
1680,Chunk Recordings
1681,Attitude Records 
1682,Island Black Music
1683,Brooklyn South
1684,Lower East Side Records
1685,Brooklyn North
1686,World Alchemist Record
1687,B&W Music
1688,SB Records
1689,Nuphonic
1690,Cardiac Records
1691,Timber!
1692,Island Red Label
1693,HHV.DE
1694,E Legal
1695,Fiji Recordings
1696,Back 2 Basics
1697,Solo 500 US
1698,Permanent Vacation
1699,Dopewax
1700,Threshold Recordings
1701,Zen Flamingo Records
1702,Trophy Records
1703,Bear Entertainment
1704,Def Jam 2000
1705,Electric Music Foundation
1706,Rykodisc
1707,City Of Angels
1708,Local Traffic
1709,Musk Records
1710,Blackberry Records
1711,BCC Music
1712,Frantic
1713,Fantasia Records
1714,Mask Productions
1715,Polyrhythms Records
1716,SoulJah Records
1717,Simply Vinyl
1718,Movement
1719,Simply Vinyl 
1720,Chanel
1721,Gutter Ball Records
1722,Cabaret
1723,Rocketship Records
1724,Ibadan
1725,Elegal Electronics
1726,Blackground Entertainment
1727,Tomorrow Is Now
1728,Axodya
1729,J & T Records
1730,La Fondation
1731,Hip Hop Gold
1732,Ism
1733,Coyote Cuts
1734,BootStrap
1735,Klang Elektronik
1736,Electroshock Records
1737,Silent Records 
1738,Alien8 Recordings
1739,Important Records 
1740,Ignitor
1741,Warped Records
1742,Delta Music
1743,Distribution Madacy Inc.
1744,Flipside
1745,Street Style
1746,Golf Channel Recordings
1747,Kindred Spirits
1748,Kajunga Records
1749,60Sec
1750,Sheffield Lab
1751,Trojan Records
1752,Electric Mountain
1753,Twentyfour:Seven Records
1754,Broken Fader Breaks
1755,Lexington
1756,Music For Dreams America
1757,Mindshift Records
1758,JXP
1759,Lethal Beat Records
1760,Ican Productions
1761,Instruction
1762,Greenskeepers Music
1763,Developed Music
1764,Kali Records
1765,Soundjam
1766,Editions Mego
1767,DB Recs
1768,Tuff Cut
1769,Ghetto Child Entertainment
1770,Krazi House Records
1771,Dig It International
1772,Panhandle Records
1773,1080p
1774,Fistula Records
1775,Cutting Edge
1776,Toy's Factory
1777,Universal Egg
1778,NPG Records
1779,DFA
1780,Sound Cultivator Productions
1781,Epitaph
1782,Plant A Bass Productions
1783,SLOPE114
1784,Ichiban Records
1785,T.E.D.D. Records
1786,Revolutionary Music
1787,Urban Empire Records
1788,Touch Magazine
1789,Nicetraxuk
1790,Big Life
1791,Drive By Pimp Slap Records
1792,Ronin Records
1793,Dirty House
1794,Ntone
1795,Gender-Less Kibbutz
1796,Plimsoll
1797,Claremont 56
1798,New Birth Records
1799,Dance Ecstasy 2001
1800,Chronicle 
1801,Sender Records
1802,Do Dreams Music
1803,L'Art et La Guerre
1804,Fine Audio Recordings
1805,Sha La Vah Records
1806,Sony Records
1807,Time Unlimited
1808,Hidden Recordings
1809,Treadwater Records
1810,Absence Seizure
1811,Out Tha Trunk Kutz
1812,Z Rock Records
1813,SOM Underground
1814,Get Physical Music
1815,Three Of A Kind Entertainment
1816,UFO
1817,Old Glory Records
1818,Decca
1819,Wrong Records
1820,Rogue Society
1821,Mouthwatering Records
1822,First String Entertainment
1823,Veranda Culture
1824,Domino
1825,Gadgets
1826,Mood Hut
1827,Foodchain Records
1828,Phat Wax Records
1829,Majah Plug
1830,Kent Soul
1831,Knowledge & Wisdom Records
1832,Legal Records 
1833,Grid Systems Records
1834,Keysound Recordings
1835,Yo Sucka!
1836,Handwritten Records
1837,Fly By Night Music
1838,Sony Classical
1839,Racecar Productions 
1840,Raw Shack Productions
1841,Soot Records
1842,Humility Records
1843,Columbia House
1844,Spazzoid Records
1845,Komited Records
1846,ACV
1847,ABKCO
1848,Neck Exersize Records
1849,Hotflush Recordings
1850,Dusk & Haze
1851,Sourdough Entertainment
1852,Nike
1853,Sole Music
1854,Olsen
1855,Frisson Recordings
1856,Spellbound Records
1857,Bad Magic
1858,Distance
1859,BGP Records
1860,h-track
1861,Water Music Records
1862,Dimid Recordings
1863,Wagram Music
1864,Not Not Fun Records
1865,Soup Records 
1866,Hackshop Records
1867,Decon
1868,Easy Street Records
1869,Disco Inn
1870,Vanguard
1871,Bloc 46
1872,Hardnation Records
1873,Make Some Noise
1874,Assimilate
1875,Hands Down Music
1876,Soundway
1877,Brick Records
1878,Outward Music Company
1879,Nu Urban Music Records
1880,Fiction Records
1881,12Records
1882,Furious? Records
1883,King Spinna Records
1884,Five Seven Music
1885,Ill Will Records
1886,Dim Mak Records
1887,MTL
1888,Stereodrive! Records
1889,A3C0I3D Tracks
1890,Bomb Records 
1891,Kingsize Recordings
1892,Cadenza
1893,Cutting Deep Records
1894,Tomboy Records
1895,Jahmektheworld
1896,Binary Bassline
1897,Advance The Scene
1898,Mark56 Records
1899,Kiddo Publishing
1900,ESP-SUN Records
1901,Cooking Vinyl
1902,Sway
1903,TUTM Entertainment Inc.
1904,Anotherday Records
1905,Atomic Pop
1906,The Consumers Research & Development Label
1907,Aesoteric Records
1908,Church
1909,Crossover Records 
1910,Ichiban International
1911,X-Ray Records 
1912,Foundation Music
1913,DDAM Records
1914,Buddhist Punk
1915,First Power Records
1916,Suspens Recording
1917,Soul Brother Records
1918,Mexican Summer
1919,Go! Beat
1920,Diagonal
1921,Bronx Science Recordings
1922,Irma Unlimited
1923,Anti-
1924,Bad Barbie Records
1925,RAAR 
1926,Frogs
1927,Dog Meat
1928,Wind-Up
1929,Aroma
1930,Moodfood Records
1931,Big Chicago Records
1932,Wisconsin Public Radio 
1933,Apollo
1934,Truth Is Light
1935,College Music Journal
1936,Futurehouse
1937,Kant Stop Records
1938,Lovers Rock
1939,Thought Balloon
1940,Insiduous Urban Records
1941,Paladin Creative Superco.
1942,Naked Naked
1943,Wall Of Funk
1944,Violator Records
1945,Polystar
1946,Dub Technic
1947,Jive Electro
1948,Genuine
1949,Mictlan
1950,Hat Factory Records
1951,Good Looking Records
1952,Low Res Records
1953,Mixworks
1954,Commonwealth Records
1955,Conception Records
1956,New Skin
1957,Monkeytown Records
1958,GRP
1959,Edge Records
1960,BOXmedia
1961,Myutopia Recordings
1962,Fork Records
1963,HQ Recordings
1964,Massive Mixtapes
1965,HHS
1966,Cosmic Pint Glass
1967,Eclipse Records 
1968,Plant Music Inc.
1969,Long Range Distribution
1970,Unlock Recordings
1971,Soundplant
1972,Country Club Disco
1973,Flying Rhino Records
1974,Harmonious Discord
1975,Handroids Entertainment
1976,High Noon Music
1977,DeepThinka Records
1978,Smalltown Supersound
1979,Borrowed Language
1980,Unkut Records
1981,Damage
1982,Minimalistix
1983,Juice Records
1984,MB Elektronics
1985,Inner Groove
1986,ABB Soul
1987,Rodeo Meat
1988,Fresh Meat
1989,INFRACom!
1990,Gern Blandsten
1991,Bambino Recordings
1992,Say Ahh!
1993,BeaconSkillz
1994,London Records
1995,E-MISSIONS
1996,Wave Music
1997,Audio Illusion Recordings
1998,Digital Terrorists Records
1999,Bald Head Records 
2000,Deeper Soul
2001,Tru Thoughts
2002,Treibstoff
2003,Chapter Records
2004,SENTRALL Records
2005,Ralton Records
2006,Shadowcast Recordings
2007,Speak Recordings
2008,Future Shock 
2009,Behemoth Records
2010,Catalogue
2011,Cosmica Music
2012,Raum...musik
2013,Other Worlds
2014,3rd Floor Records
2015,Soulfuric Recordings
2016,Sycomor
2017,Cavage
2018,Endpoint
2019,K-Tel
2020,PrÌ_ncipe
2021,Defunked
2022,DMC
2023,DJ International Multimedia
2024,BOMP!
2025,Earthtones Recordings
2026,Leedz Edutainment
2027,Cross Movement Records
2028,Flex Records
2029,Ruff-Teck
2030,J Records
2031,12k
2032,Esoteric 
2033,Dire Life Records
2034,Nitrous Oxide Records
2035,Drumslinger
2036,Masterworks 
2037,In.Disc
2038,Mad Decent
2039,Additive
2040,VCI Recordings
2041,Stereo Deluxe
2042,Mixed Blood
2043,Flight Recordings
2044,True East Records
2045,Neoteric Records Ltd.
2046,Servo
2047,Bacillus
2048,Significant Records
2049,MarXminship Records
2050,Funk & Roll
2051,Stravingus
2052,Poussez!
2053,Sub Static
2054,Earth Project
2055,12x12 Records 
2056,Catch #22 Records
2057,Mangofunk
2058,Obscene Records
2059,Essence Records
2060,Piruh
2061,Illegal Art
2062,I.D.M.
2063,Supergiant Lucky Cat Records
2064,Damage 
2065,Angel Records
2066,Nice+Smooth
2067,Power Of Word Productions
2068,Sunshine Sound Disco
2069,Running Scared
2070,Verve Forecast
2071,Queen Bee Records
2072,IRMA CasadiPrimordine
2073,130701
2074,Gothic Records Limited
2075,Dub Venture
2076,The Royal Potato Family
2077,Crowd Control Records
2078,Alpha Pup Records
2079,Cubik Music Productions
2080,Syntax Distribution
2081,Molemen
2082,Blaqmagiq Reqords
2083,Eighth Dimension Records
2084,Columbia Odyssey
2085,Outsider
2086,Hightone Records
2087,INO Records
2088,Good Vibe Recordings
2089,Audraglint
2090,Eclectic
2091,Quality Records 
2092,Barclay
2093,Halsted Street Records
2094,DVS Media
2095,OM Hip Hop
2096,BCI Music
2097,Ras Records Inc.
2098,Gruppo Futura
2099,Passe-Muraille
2100,Gotee Records
2101,Voluptuous Recordings
2102,Ubiq Extension
2103,Mole Listening Pearls
2104,Panama Red Records
2105,B&E Records Inc.
2106,Disruptor
2107,Nitebeat
2108,M.A.K.E.S.entertainment Records
2109,Renegade Records
2110,83 West Records
2111,Numero
2112,Tony Mercedes Records
2113,Happy Happy Birthday To Me Records
2114,Habit Recordings
2115,Jalapeno Records
2116,Executive Limited
2117,Columbia Special Products
2118,Illasophic Records
2119,Beta Recordings
2120,SSR Records
2121,DefSTAR Records
2122,Hard Hands
2123,Konundrum
2124,Mindfield Records 
2125,Soulfuric Trax
2126,One Thousand Records
2127,Gryphon
2128,Citrona
2129,Happy Music
2130,MFS
2131,Ubermax Records
2132,Hard:Edged
2133,Harmony 
2134,Granet 707 Recordz
2135,Dark Age Recordings
2136,Pushy
2137,Freestyle Records 
2138,Sun Ark Records
2139,Red Earth Records
2140,Home Style Cooking
2141,Play Music 
2142,Soul Foundation Recordings
2143,Vibez Recordings
2144,Jamdown UK
2145,Deutsche Grammophon
2146,Wreckless Recordings
2147,Omega R:Series
2148,Sirkus
2149,Stay Up Forever Remix
2150,Turbo
2151,Ill Boogie Records
2152,All Natural Inc.
2153,On The Corner
2154,Stupid Fresh
2155,Armada 
2156,Fagin
2157,Simply Recordings
2158,3 Beat Label Management Ltd
2159,Rampage Music
2160,Flash Music
2161,Italian Masters Of Hardstyle
2162,Maurito
2163,Southpaw Records 
2164,Boo Records Inc.
2165,2 The Bone Mr. Modo Records
2166,Aromamusic
2167,Dirty Musik
2168,Sphear
2169,Club Tools
2170,Bodyshower
2171,Influential
2172,Universal Jazz
2173,Sacred Bones Records
2174,3 Beat Music Ltd.
2175,Art for Motels
2176,Le Maquis
2177,Moo Cow Records
2178,Broklyn Beats
2179,Reckless Recordings 
2180,The End Records
2181,Asylum Records
2182,Schema
2183,Space Kat Records
2184,Raid
2185,High Involvement
2186,Easy
2187,Crisis Records
2188,Juicy Records
2189,Drop Records
2190,DipiÌ_
2191,Fuzzy Box
2192,Sci Fidelity Records
2193,Concent Productions
2194,Armenian Artistry
2195,Kailash
2196,BlueDaze
2197,Pickadoll Records
2198,Mutter
2199,Knockin Boots
2200,Coalition Recordings
2201,Steppasoundz Recordings
2202,Gomma
2203,LUP Records
2204,MAW Records
2205,Follow Up
2206,Blue Juice
2207,Minimalsoul
2208,Crippled Dick Hot Wax!
2209,Socio
2210,Nu-Sol Productions
2211,Abstrakt Recordings
2212,Swoon Records
2213,Back II Back Recordings
2214,Mirage 
2215,Three Gems
2216,Underground Access
2217,Big Dada Recordings
2218,D:vision Records
2219,Tactile Music
2220,Bassment Sounds
2221,Kontor Records
2222,Intelligent Recordings
2223,Bright As Night Records
2224,Dead Silence Syndicate
2225,Free Thinkers
2226,Genius Insanity
2227,Coup D'Ìätat
2228,Jellybean Recordings
2229,Funk Weapons
2230,Insight Studios Group
2231,Cold Front
2232,Still Music
2233,Draft Records
2234,Community Recordings
2235,DV8 Records
2236,A&M Octone Records
2237,NRV Records
2238,In Stereo
2239,Electrik Soul
2240,Repercussion
2241,Acid Orange
2242,Locomotive Records
2243,Worship Recordings
2244,Activity Records
2245,Ferret Music
2246,Gain
2247,Caliber Records 
2248,Peace Bisquit
2249,Hard Plastic Recordings
2250,Indulge U Records
2251,Paperhouse Records
2252,Vibe 
2253,Kyrbgrinder
2254,BMG
2255,Skygod Entertainment
2256,S.D.E.G. Records
2257,Hard Times The Label
2258,Litterthugz
2259,Resopal Schallware
2260,Tabletools
2261,Weird Forest Records
2262,Polytox Records
2263,Hertz Recordings
2264,OCF Entertainment
2265,Fierce!
2266,Avantgarde
2267,Revolution Recordings
2268,Lethal Records 
2269,Mysidian
2270,De'fchild Productions
2271,Red Cent Records
2272,Santorin
2273,L'Attitude Records
2274,Handcuts Records
2275,Ground Control Records
2276,International Soul Rebel Society
2277,Soulspazm Records
2278,Labels
2279,Giant Step Records
2280,Passport Records
2281,EXP
2282,Left Records
2283,Cyclotron
2284,Xylophone Jones Recordings
2285,Fuck Babe
2286,Tecnojam
2287,DeadLock Records
2288,Big3
2289,Obliterati
2290,Remix Underground
2291,Topshelf Records
2292,Tha Down Low Recordings
2293,Time Life Music
2294,Full Flavor Music
2295,BOY Records
2296,Jellybean Soul
2297,Biograph
2298,Vinyl Inside
2299,Ware
2300,Psyche Recordings
2301,Whoop! Records
2302,Three Lions Recordings
2303,YAWA Recordings
2304,Checkpoint Recordings
2305,Mousetrap Records
2306,Prime Time Blends
2307,Serial Records
2308,Up Above Records
2309,Soul Seller Recordings
2310,Talk Dirty Production
2311,You Entertainment
2312,Phantom Trax
2313,Ladomat 2000
2314,More Monkey Business
2315,Blast! Records
2316,North South
2317,Click Boom Records
2318,SOCO Audio
2319,In The Red Recordings
2320,Frogman Records
2321,Modul
2322,B.U.K.A. Entertainment
2323,Niche Records
2324,Kaboom
2325,Citizen Records
2326,MAP Dark
2327,Deepless Records
2328,Evenup
2329,Krunch
2330,Subspace
2331,Pod Recordings
2332,Fifth Degree Entertainment
2333,Amoco
2334,Cashflow420 Records
2335,Elliot Music
2336,Loud Bit Records
2337,Matt Garbo
2338,Eleven 78 Records
2339,Dust Traxx
2340,Choice
2341,City Beat
2342,Nascent Recordings
2343,EQ [Grey]
2344,Vsual Recordings
2345,Blastraxx
2346,Tributary Records
2347,Brique Rouge
2348,Hazchem
2349,Dialogue
2350,Illsun Wreckords
2351,Pong Music
2352,Black Culture
2353,Unified Records
2354,Chateaurouge
2355,Secret Service Records
2356,Trooper Tunes
2357,Electret
2358,Masterstroke
2359,Juicy Traxx
2360,No Cool Music
2361,Global Trax
2362,Dirty Blue Records
2363,Push The Button Records Inc.
2364,Overdose
2365,Soul Static Sound
2366,Soundsystem Bangers
2367,RoundAbout Records 
2368,SHOE
2369,Throw
2370,Vapour Recordings
2371,Vinyl Fetish 
2372,Windham Hill Records
2373,2S2
2374,Holyfield's Real Deal Records
2375,Sound Division
2376,Automatic Records 
2377,Select Records
2378,Figment
2379,Mango
2380,Filtered Records
2381,Bosh
2382,Arriba Records
2383,Craft Records
2384,Tambour
2385,Tender Loving Empire
2386,Wiiija Records
2387,Vector Records
2388,Airtight
2389,Soundproof Music
2390,Catch 22 Recordings
2391,Drenched Recordings
2392,Antilles
2393,Cube Recordings
2394,4 Play Records Inc.
2395,Toy Tay
2396,Zero Tolerance Recordings
2397,Deep Future Recordings
2398,Vendetta Records
2399,Species Recordings 
2400,Riviera
2401,Gold Plate Music
2402,DMC Publishing Ltd.
2403,Project X Records
2404,Skor Records
2405,Motion Records 
2406,Escape Records 
2407,Pump Records 
2408,Quintessence
2409,Industry Recordings 
2410,Superstar Recordings
2411,Street Records Corporation
2412,Ignition Musik
2413,We Are One
2414,Positiva
2415,Vertigo 
2416,12 Inch Thumpin Hard
2417,Black & White Records
2418,Urban House
2419,Restless Records
2420,City Centre Offices
2421,Maximum Exposure Entertainment
2422,Tune Inn Records
2423,Magna Recordings
2424,Hotwax Traxx
2425,Midnite Recordings
2426,ZTT
2427,Future Groove
2428,Self Abuse Records
2429,Black On Black Records
2430,Bluebird 
2431,66NoPoor Productions
2432,Material Movements
2433,Ariola Records America
2434,Sudden Def Recordings
2435,Tidy Classics
2436,Massive B
2437,Seven Heads
2438,Hed Kandi
2439,Pussyfoot Records Ltd
2440,Diyersions
2441,B-Boy Records
2442,Sessions
2443,East Pointe Records
2444,Megahertz
2445,Dance Diamante
2446,Kompute
2447,Pssst Music
2448,Southern Sessions
2449,Interhit Records
2450,Tinrib Recordings
2451,CMC Music
2452,Def Soul
2453,Bulletproof Records Limited
2454,Epic Dance
2455,Brilliante Records
2456,Negative Gain Productions
2457,Icon Recordings
2458,Trapez
2459,Wildlife
2460,Anthem
2461,JP Releases
2462,Delirium Red
2463,Brooklyn Music Limited 
2464,Stark Ravin' Records
2465,Serious Records
2466,Fuzion Records
2467,Poker Flat Recordings
2468,The Union Label
2469,Liquid Groove
2470,Audio Beyond
2471,Sharp Recordings
2472,X-Trax
2473,Hyena Records
2474,squid:records
2475,PRIMEdeep
2476,CMYK
2477,Morris / Audio
2478,Predicaments
2479,Kickin' Tunes
2480,M Records 
2481,Mo Love Records
2482,Kalimari Musique
2483,Daly City Records
2484,No Way Records 
2485,550 Music
2486,Supraphon
2487,Colony Records
2488,Jagjaguwar
2489,Afro Art
2490,Savgos Records
2491,Neuro Communications
2492,2nd Nature Recordings
2493,Sharp & Harkins
2494,Phonetic Recordings
2495,Component Records
2496,Higher State Records
2497,Bomb
2498,Cup Of Tea Records
2499,X-Record
2500,Delta Records 
2501,Mo'Smog Records
2502,Victory Records
2503,Limbo Records
2504,Hush
2505,Precision Breakbeat Research
2506,All Nite Music USA
2507,EMI Christian Music Group
2508,Quango Records
2509,II Dam Funky
2510,Jamsteady
2511,Level 75
2512,Upfront Recordings
2513,Poumtchak
2514,Hadshot Haheizar
2515,Wallop Recordings
2516,Reel Musiq
2517,Dynamic Trax International
2518,Deep Records
2519,Headline
2520,Herbal House Records
2521,Plastic Fantastic
2522,$hort Records
2523,Deep Space Media
2524,ABC Audio-Treasury
2525,Giant Records
2526,X-Ite
2527,Definity Records
2528,Edel America Records
2529,Way Of Life Records
2530,Funky Tone
2531,EMI USA
2532,Edel Records
2533,Mush
2534,CBS Associated Records
2535,Cyber Records
2536,Get Freaky!
2537,Outpost Recordings
2538,Waako Records
2539,Feersum Records
2540,Brother Brown Records
2541,Mechanism Records
2542,Machine
2543,TT Records
2544,Pneuma Recordings
2545,Breakbeat Science Recordings
2546,DJS Records
2547,Next Plateau Entertainment
2548,Electron Records
2549,impMUSIC
2550,Moments
2551,Bomb Hip-Hop Records
2552,Nile Records
2553,Righteous Babe Records
2554,Dot Records
2555,Republic Records
2556,Crustacean Records
2557,Starr E Music
2558,Silver Pearl Records
2559,Unsubmissive Records
2560,Freelance Science
2561,ANLX
2562,Cosmic Force Records
2563,Global Recordings
2564,Rise And Fall Rekerds
2565,Empire State Records
2566,Crusher Media
2567,ChumboMundo Records
2568,Maya
2569,Hussle Recordings
2570,EQ [Grey] Ltd
2571,EMI Music Canada
2572,Plastic City America
2573,Grammar
2574,Atomico Records
2575,Stereo Cool!
2576,St. Nick Entertainment
2577,Soul Unit
2578,Planet Records 
2579,Meaty Moosic
2580,Mascot Records
2581,Bellboy Records
2582,Retek
2583,Ideal Records
2584,On Top Records
2585,Wingspan Records 
2586,Crush Music
2587,Audiotribe
2588,Hard Trax
2589,Short Circuit Recordings
2590,Class A Recordings
2591,Train! Records
2592,12th Hour Records
2593,Perpetual Tunes
2594,N2 Records
2595,New Dawn Records
2596,Strictly 4 Groovers
2597,Westindy
2598,Intrinsic Design
2599,Slide Recordings
2600,Red Ant Records
2601,Tuff Gong
2602,La Plage Records
2603,Groove Daddy Records
2604,Le Club Records
2605,Logic Records
2606,PopKid Records
2607,SR2 Music
2608,Spinnin' Records
2609,Ultra Violet Recordings 
2610,Popular Records
2611,New Meal Power
2612,AVI Records
2613,The INC Records
2614,United House Culture
2615,Solesides
2616,VC Recordings
2617,Charge
2618,Southern Fried Records
2619,Sunny Day Records
2620,Stereo Productions
2621,Big3 Records
2622,Iberican! Recordings
2623,Vinyl Syndicate Recordings
2624,Galactic Disco
2625,Parallel Records 
2626,Poisoned Records
2627,Metal Blade Records
2628,Sog Records
2629,Independance Records
2630,Disko B
2631,Neo 
2632,Level 10 Entertainment
2633,Frame Work
2634,Black Jack
2635,Assassin Records
2636,Offyerface Records
2637,Mr. Rogish Records
2638,Kingpin
2639,Hypnotic
2640,Nebula
2641,F4 Music
2642,Jet Star Records
2643,INCtraxx
2644,Eupholus Records
2645,Sinmix Vinyl
2646,ZYX Records
2647,Audio Abuse
2648,Uranus Laboratories
2649,Solo Shot Records
2650,Hoodwink Records
2651,Groucho Records
2652,Luaka Bop
2653,PRG 
2654,Grounded Music
2655,Thunk
2656,Fuel 
2657,Agave Records
2658,Cadence 
2659,Juice Box
2660,Outpost Entertainment Company
2661,Vicious Vinyl
2662,Breakthru' Records
2663,Tarantic Records
2664,Kattiva Records
2665,Chemical Warfare
2666,Sanctuary Urban
2667,Viscous Disc
2668,Energy UK Records
2669,RPO Traxx
2670,Zozan
2671,Cut N' Dry
2672,Emperor Norton
2673,Pig Life Records
2674,Music For Freaks
2675,SLR
2676,Cold Steel
2677,G-Force Records 
2678,Blackground Records
2679,XVX
2680,Duty Free Recordings
2681,Phat House Records
2682,StraightOn Recordings
2683,Storm Trax
2684,Co-Lab Recordings
2685,Court Square Recordings
2686,Ice Mone Records
2687,RCA Red Seal
2688,Brushfire Records
2689,Atch Records
2690,Indasoul Records
2691,RCA Camden
2692,Footwork
2693,Warmth Records
2694,Tone Struck Records
2695,Mo's Music Machine
2696,GAS Records
2697,No Zession Recordings
2698,Platinum Entertainment
2699,Madhattan Studios
2700,Warner Special Products
2701,Chancer
2702,Forever Soul Music
2703,Modern Records
2704,Audio Fidelity
2705,Beau Monde
2706,Beautiful Records
2707,Shogun Records
2708,Blue 
2709,Plasmek
2710,Katering
2711,Underground
2712,G-High Records
2713,Polar State
2714,Relapse Records
2715,Disco Volante
2716,Composure Records
2717,Nivek Records
2718,State Of Mind Records
2719,Breathless Records
2720,Destined Records
2721,Switch
2722,Taksi
2723,Global Harmony
2724,Undergroundhiphop.com
2725,Toucan Cove
2726,Downtown 
2727,Music Mail TontrÌ_ger GmbH
2728,No Part Of It
2729,XI Sounds
2730,Critical Mass
2731,Honey Bee
2732,Fastlife
2733,Suck Discs
2734,Millennium
2735,Dotdotdot Records
2736,Big Daddy Records
2737,bareDamage Recordings
2738,Isoghi
2739,Holon Records
2740,Vacuum Recordings
2741,RAM Records
2742,Hyper Records
2743,Peroxide
2744,Glove Records
2745,Phat On Dat
2746,Rise
2747,Un-D-Nyable Records
2748,Under Pressure Records
2749,free2air Recordings
2750,Session Recordings 
2751,Oid Mortales Records
2752,Trigger Records
2753,Eyezcream Recordings
2754,B-Sides
2755,Chaos Records
2756,Baby Doll Records
2757,Zync Grooves
2758,Urban Box Office
2759,Music Station
2760,Down Sound Records
2761,What's Up ?!
2762,Taka
2763,Cabaret Records 
2764,Black
2765,Intenso Recordings
2766,Delirious
2767,Do Not Bend Recordings
2768,Injection Disco Dance Label
2769,Deep Concentration
2770,Pyramix Records 
2771,Definitive
2772,Mo'Bizz Recordings
2773,Hz Trax
2774,Rachel Auburn Records
2775,Kaktai Records
2776,Calypso Records
2777,Artemis Records
2778,Metebelis Three Publishing
2779,Kosmo Records
2780,Titanic Records
2781,DFC
2782,Anvil
2783,Uproar! Records
2784,Fateful Bass Records
2785,Mesa Recordings
2786,Dino Entertainment
2787,In The Paint Records
2788,Rated X Records
2789,Horny Dog Records
2790,ElektroMotor
2791,Koma
2792,6 Hole Records
2793,SONICULTURE
2794,Earthtone Recording Company
2795,Martru Records
2796,Poe Boy Entertainment
2797,SFP Records
2798,Yes Mate Recordings
2799,ForeFront Records
2800,Maxidentity
2801,ARC 
2802,DAAM Recordings
2803,Touchdown Recordings
2804,Suntune
2805,The Gang
2806,Hannibal Records
2807,Wired Recordings
2808,Project Five
2809,I Am Records
2810,Release Entertainment
2811,Buds Distribution
2812,Grand Central Records
2813,Twisted United Kingdom
2814,Flammable
2815,MUE Records
2816,Sondos
2817,No Idea Records
2818,I.J. Records
2819,Trip 'N Spin Recordings
2820,Wideload
2821,Royal Flush Records
2822,Surround Sounds
2823,De-Lite Records
2824,Coldtap Recordings
2825,BXR UK
2826,Naked Recordings
2827,24/7 Records
2828,Miracle Records
2829,Starlet
2830,RGB Records
2831,Xtra Nova
2832,Was Kids
2833,No Limit Records
2834,Imago Gramophone Records
2835,Explosive Records 
2836,mt air
2837,Nerve
2838,Stompa Phunk Music
2839,Liquid Rec.
2840,Hablando
2841,Rue Du Louvre
2842,F
2843,Sequence Records
2844,Alternative Route Recordings
2845,Fire
2846,Partisan
2847,Black Hole Avanti
2848,Ernie Green Entertainment
2849,Blue White
2850,Purified Audio
2851,Slash
2852,Truckstop
2853,Looking To The Past
2854,Classics On Plastic
2855,Hors Phase Records
2856,Sound Fiction Productions
2857,Scotti Bros. Records
2858,Townz Soundz
2859,Nu/Trax Records
2860,Grill Records
2861,Vertigo Productions 
2862,Sonig
2863,Fire Records
2864,Casa Del Soul Records
2865,UK Hard
2866,Aztec
2867,Upbeat Records
2868,Underdog
2869,Trauma Records
2870,No Name Records
2871,Rap-A-Lot 2K
2872,Console
2873,Blue Black
2874,BMG Special Products
2875,Audible Soundz
2876,In The House Records 
2877,B.I.G.
2878,Tide
2879,Total Experience Records
2880,Choo Choo Records
2881,Universal Motown
2882,Renaissance
2883,City Beats Entertainment
2884,Horehaus
2885,Uptown Records
2886,Bust It Records
2887,Iconz Music Group
2888,Baroque Records
2889,Work
2890,Hope Recordings
2891,Kudos Records 
2892,20th Century Records
2893,Phoenix Platinum
2894,Atlas 
2895,Progressive
2896,White Cat Records
2897,Earresistible Musick
2898,B-Rite Music
2899,AM:PM
2900,Pow Wow Records
2901,The Right Stuff
2902,Bottom Heavy
2903,Moonbootique Records
2904,M-Track
2905,2-4-1 Records
2906,EMI Electrola
2907,Apex Records 
2908,Suffolk Marketing
2909,Russell Simmons Music Group
2910,Sunrise Recordings 
2911,Dolla Cab Ent.
2912,Snapt Records
2913,Coax
2914,Don't Sleep Records 
2915,Prolekult
2916,Manifesto
2917,75 House Street
2918,Harem Records
2919,Spot On Records
2920,Equator
2921,Molacacho Records
2922,Pacha Recordings
2923,Byte Progressive
2924,Superstition UK
2925,OnePhatDeeva
2926,K'Otic Records
2927,Centrestage Records
2928,BMG UK & Ireland
2929,Minimal Records 
2930,Friction Burns Recordings
2931,Big Machine Records
2932,Wing Records
2933,Jokers Up
2934,Bangin Out Tunes
2935,Caballero Recordings
2936,M-Bargo
2937,Action Records
2938,MCA Soundtracks
2939,LMR 
2940,Sperm Records
2941,Caus-N'-ff-ct
2942,GTSP Records
2943,Freak Plastique
2944,Dust 2 Dust Records
2945,Lupp
2946,Ef.adrine
2947,Fierce Beatz
2948,Alphabet City
2949,Immersed Vinyl
2950,Nocturnal Interludes
2951,Big Cat Records 
2952,Advance Records
2953,Pulse 8 USA
2954,Pure Music
2955,EastWest Records GmbH
2956,DMD
2957,Many Records
2958,Force Inc. US
2959,Paparazzi Records
2960,Hexenhouse Records
2961,Xplosion Records
2962,Trax Recording
2963,Abyss Records 
2964,Wise Owl Entertainment
2965,23rd Precinct Recordings Ltd
2966,Sony Music
2967,Rhythm Syndicate Records
2968,Nude Records
2969,Freerange Records
2970,Mohawk Records
2971,Niki Records
2972,Work Deluxe
2973,Anonym
2974,Flameboy Records
2975,Harley Records
2976,Friendship Records
2977,Polyester Music
2978,MDEX
2979,Cool & Groovy Records
2980,Upbeat Records Limited
2981,Steuerflucht Recordings
2982,Onizom Music
2983,Constellation 
2984,Pocketown
2985,Triple XXX Blue
2986,Jungle Boogie Records
2987,Planet 3 Records
2988,Curvve Recordings
2989,Split Screen
2990,Rytmic Records
2991,White X
2992,McGillis Records
2993,Electric Kingdom Records
2994,XTC UK
2995,Parachute Records
2996,Acute Recordings
2997,NR Music Inc.
2998,Deep Blue
2999,Noc On Wood Records
3000,In Tha Mix Recordings
3001,Ruffnation Records
3002,Bullpen Records
3003,Perverted Monks Inc.
3004,Method Records 
3005,Under The Counter
3006,Smuts Records 
3007,Rouska
3008,Jimmy & Doug's Farm Club
3009,Cooltempo
3010,Crack&Speed
3011,Ideal
3012,Dance Pool
3013,Raceway Recordings
3014,Free World Records
3015,ADSR Records
3016,Pow! Recordings
3017,Fevah Trance Records
3018,Heat Recordings
3019,Beatz Only Records
3020,Oblong Records
3021,Contacted
3022,T.T.F. Records
3023,Dali Records
3024,High Octane
3025,Black Ice Recordings
3026,Mistletoe Music
3027,Zoomer Community
3028,Milan
3029,Chaos Recordings
3030,UBL Recordings
3031,Olympic Records 
3032,Monika Enterprise
3033,Ronco
3034,Loosegroove Records
3035,USA Records
3036,Gravel Records
3037,Stealth Records 
3038,Sinister Recordings
3039,Leaded
3040,Weekend World
3041,Mental Madness
3042,Tycoon Records
3043,House Nation
3044,D&D Records
3045,Red Parrot Recordings
3046,Touch And Go
3047,ASAP Records
3048,Area Code 070
3049,Toro
3050,Cowboy Records
3051,Nitsa Recordings
3052,Fat City
3053,Hit The Beat
3054,Re-Vault
3055,Hugh Recordings
3056,Fade Records
3057,NEC Records
3058,Front
3059,Subversive
3060,SoundsFm Recordings
3061,Spin City
3062,Chameleon Black
3063,Houseworks
3064,Caroline Records
3065,Wheel Records
3066,D.J. World Records
3067,Pure Logic Records
3068,Silver Planet Recordings
3069,Referense Recordings
3070,Crazy World Entertainment
3071,Southeast
3072,Triple XXX Recordings
3073,Oyster Music
3074,Square Records
3075,Purple Eye Entertainment
3076,Produce Records
3077,Tavdash Records
3078,House Of Fire Records
3079,Smoove Entertainment
3080,WTG Records
3081,Forbidden Records
3082,Novus
3083,Pulse-8 Records
3084,Gm04 Records
3085,Blueplate Records
3086,Allegiance
3087,VP Records
3088,Choo Choo Limited
3089,Captivating Sounds
3090,Gangland Record Corp.
3091,Doggy Style Records 
3092,Tiger Trax
3093,Ministry Of Sound
3094,Task Series
3095,Ear Wax
3096,Flammable Records
3097,Label Vie
3098,Union Records
3099,Ariola
3100,Deal Records
3101,Neurodisc Records
3102,Club Culture
3103,Human Imprint Recordings
3104,Atoll Music
3105,Sunrise Recordings
3106,Electronic Club Grooves
3107,Multiply Records
3108,Hansa
3109,Third Millenium Records
3110,Katac
3111,Loaded Records
3112,EDM Progressive
3113,Bubble Chamber Records
3114,Elseware Recordings
3115,Teknology
3116,Teknarok
3117,Reality Bites Records
3118,DiKi Records
3119,Fevah House Records
3120,Mighty
3121,19Box Recordings
3122,Impact Records 
3123,ARS Records
3124,Addictive Records
3125,Champion
3126,Rhodium Records
3127,Robbins Entertainment
3128,Sound Of Ministry
3129,Fieber Records
3130,Purple Ribbon
3131,Hut Recordings
3132,Pig Pen
3133,Big Time
3134,E-Traxx
3135,Mada Music
3136,Gravitation Records
3137,Scorccio
3138,Supernova Records
3139,Momentum Recordings 
3140,Intensive Music
3141,Soundz
3142,Lobster Licks
3143,Rhythm Thief Records
3144,Public House
3145,Tripindicular
3146,Fluential
3147,Plutonium Records
3148,Open
3149,Grandslam Records
3150,Curb Records
3151,Battery Records
3152,Smooth Sailing Records
3153,Digital Recordings 
3154,Translation Loss Records
3155,Live Recordings
3156,Rulin Records
3157,Little Rollers
3158,Vinyl Addiction
3159,Grass Green Records
3160,Jamaica
3161,Lou Records
3162,PolyGram TV
3163,Strange Music
3164,Epidrome
3165,First Impression
3166,Netrecord-Z
3167,Goddess Empire Record Label
3168,Phuture Wax
3169,You Clash! Records
3170,Bonzai Germany
3171,3 Lanka
3172,G-Zone
3173,Fidget
3174,Faith & Hope Records Limited
3175,File 13 Records
3176,Masters Of Disaster
3177,.Netspheres
3178,12 Inch Thumpers
3179,Dance Division
3180,Hi Life Recordings
3181,Patterns
3182,ProgCity
3183,Data Recordings
3184,Empire Vinyls
3185,Individual Records
3186,UK Promo Recordings
3187,Compound
3188,Black6 Records
3189,Dicey Records Ltd.
3190,Def Jam South
3191,Steel Records
3192,G Records
3193,Emerald City Disco
3194,ReRun Records
3195,Corner Stone Records
3196,Massive Records
3197,Yeti Records
3198,Grand Prix
3199,Sunset Records
3200,Inferno
3201,Project Blowed
3202,G.O.D.
3203,Wicked Records
3204,Hi-Rize Entertainment
3205,In Music Ltd
3206,Hellpass Records
3207,Illgorhythm Recordings
3208,Gut Records
3209,Loopjunkie Records
3210,Sigma Records
3211,Saturn Records 
3212,Propeller Records
3213,Badlab Records
3214,Frisky Records
3215,Heratik Productions
3216,Gungeligung
3217,Laconic Records Inc.
3218,Ocean Dark
3219,Underground 
3220,Bassment Records
3221,Unlimited Gold
3222,DB Records
3223,Pookie Entertainment
3224,Sound-Ink
3225,Akademia
3226,Flashpoint Records
3227,Desperadoz
3228,Sun Moon Records
3229,Recognition 
3230,Syncopix Records
3231,Pornographic Recordings
3232,Plastica RED
3233,Tummy Touch
3234,GLAMX Recordings
3235,Street Life Records 
3236,Frontline Records 
3237,Symple Soul
3238,Downtown Music
3239,Square One
3240,New Label
3241,Spektrum Audio
3242,Vulture Music
3243,Stamp Series
3244,TNT Recordings 
3245,Ground Original
3246,Grand Royal
3247,Mettle Trax
3248,Blunt Recordings
3249,Combined Forces
3250,Avenida
3251,Phobos Recordings
3252,Lotek Records
3253,West Coast Connection
3254,Remote Recordings
3255,Slinkey Recordings
3256,Cetacean Records
3257,Bamboo Music
3258,Vacuum Limited
3259,One Way Records 
3260,Superplastik
3261,Plastic City Suburbia
3262,Effect Records
3263,Rebel Records 
3264,Stellar
3265,Little Mountain Recordings
3266,Hard House Muzik
3267,Wildcard
3268,RLPMix Records
3269,Green Records
3270,X-IT Records
3271,Ripe Recordings
3272,Headtunes Recordings
3273,Yellorange
3274,Idea
3275,Boombastic
3276,Surface Records France
3277,Stimulant Records
3278,World Of Dance
3279,Technoclub Records
3280,Passion Records 
3281,Garbage Records
3282,Twisted Audio
3283,Vibrant Music
3284,Club Hitz
3285,Crib Underground
3286,Hop Records 
3287,Bygone Records
3288,Maxell
3289,Risk Records
3290,ÌÏber
3291,3am Recordings 
3292,Ransom Note US
3293,Go 4 Music
3294,Def Squad
3295,Passion Records
3296,Violator
3297,AnÌ_mia
3298,Tommy Boy Black Label
3299,Heat Music
3300,Blaze One Records
3301,Sebadukes
3302,Magnetic Recordings 
3303,Frontline Entertainment
3304,Remains
3305,Chit Chat Records
3306,Headquarters 
3307,De Grey
3308,KRU Records
3309,Creative Music
3310,Roundabout Sounds
3311,Organik Recordings
3312,Loco Records 
3313,MECA Records
3314,Hi-Rise Records
3315,Zoo York Recordz
3316,Ffrreedom
3317,Honey Butter Records
3318,Social Studies
3319,Innovative Leisure Records
3320,JMJ
3321,ArcTheFinger Records
3322,Insect Queen Music
3323,Super Bro
3324,Kwaito Recordings
3325,Chisel Sound
3326,Post Present Medium
3327,Silk Entertainment
3328,Olive Records
3329,Get Sum Records
3330,Electro Nation
3331,Official Jointz Recordings
3332,ATCO Records
3333,Okayplayer Records
3334,Dizzy Tunes
3335,Sequel 
3336,Black Booby
3337,Brainsick Enterprise
3338,Cool Ranch
3339,Shewey Trax
3340,Normal Surround
3341,All Time High
3342,Uptempo Dance Music
3343,Anonymous
3344,Technicolour
3345,Luke Skyywalker Records
3346,Strange Fruit
3347,Kazumi
3348,Bliq
3349,Houseguest Music
3350,Swirl Records
3351,Afu Limited
3352,Clockwork Music
3353,We Play The Music We Love
3354,Popguard Records
3355,M.A.C.E. Music
3356,Wonder Stories
3357,Ariwa
3358,Katalyst Records
3359,Material Image
3360,Noizemaker Records
3361,Biscuithead Recordings
3362,Ghetto Sci-Fi Music
3363,Street Corner Music 
3364,Ridiculous Rhythm Records
3365,Faze Action
3366,Bastard Jazz Recordings
3367,Siesta Records 
3368,Grunt 
3369,Blacksmith Music
3370,Birthwrite Records
3371,Tasteful Nudes
3372,Rhythm Cult
3373,Electric Souls
3374,Altered Vibes
3375,New Generation Records
3376,Finale Sessions
3377,Copter Records
3378,Universal Music Special Markets
3379,Barry U Records
3380,Neutron Records
3381,Energy Industries
3382,Safe Trip
3383,Cong Burn
3384,Five Day Weekend
3385,Contort Yourself
3386,DVE Records
3387,1432 R
3388,Electric Kingdom
3389,4 Track Records
3390,Froth'n
3391,Race Car Productions
3392,Tormenta Electrica
3393,Most Excellent Unlimited
3394,Luxury Problems
3395,Great Circles
3396,Real Vinyl
3397,Katharsis Recordings
3398,Rogue Cat Sounds
3399,Monolake / Imbalance Computer Music
3400,Kling Klong
3401,Combat Records 
3402,D.KO Records
3403,Galactive
3404,Sensu
3405,SlapFunk Records
3406,Secret Squirrel 
3407,Repitch Recordings
3408,Parang Recordings
3409,Spe:c
3410,Clone Aqualung Series
3411,Stowaway
3412,Ad Hoc Records 
3413,Sisterjam
3414,Schatzi
3415,Force Lab
3416,Mashit
3417,Ninety Now
3418,Sex Tags Mania
3419,Carebears
3420,Audio Parallax Records
3421,New State Music
3422,Forte Recordings
3423,Big Play Records
3424,Spinternal Organs
3425,Backatcha Records
3426,Deep Tech Records
3427,Umor Rex
3428,Pluie/Noir Recordings
3429,Burger Records
3430,Sam Records
3431,Basement Floor Records
3432,Forriner Music
3433,Diskant
3434,Avenue 66
3435,Illustrious
3436,Walt Disney Records
3437,forTunea
3438,Love Unlimited Vibes
3439,Electronic Emergencies
3440,Merc
3441,Rostrum Records
3442,Future Times
3443,Wild West Records
3444,God Made Us Funky Records
3445,Tongut
3446,aDepth audio
3447,Saft
3448,Fox Records
3449,Soft Rocks Recordings
3450,Blind Vision Records
3451,Lowlife Cartel
3452,MN2S
3453,Droid Recordings
3454,Off Path
3455,Perpetual Rhythms
3456,Reverse Records 
3457,High Voltage 
3458,Djak-Up-Bitch 
3459,Dip'n Trippy Records
3460,Epicentre
3461,Strut
3462,Civilised Life
3463,Freeze Records
3464,Intec Records
3465,Strange Famous Records
3466,Disq
3467,Geushky
3468,Playable Music
3469,Electracom
3470,Derailed
3471,Full-E Records
3472,Techno Mafia Recordings
3473,Pocket
3474,Countdown 2000
3475,Bun The Grid
3476,Funky Ass Records
3477,Routemaster Records
3478,Easy Star Records
3479,Plain Recordings
3480,Credence
3481,Temporary Residence Limited
3482,Sismic Music
3483,2 B Real Records
3484,Apple Records
3485,Personal Records
3486,Dagored
3487,Cinevox
3488,Laus Records
3489,Uturn Records
3490,Eruptive
3491,Babygrande
3492,Oxyd Records
3493,10 Records
3494,Chacha Project Recordings
3495,Kennziffer
3496,Melted Dubs
3497,Out To Lunch
3498,Favorite Gentlemen
3499,Evil Deception
3500,Elektrosouls Recordings
3501,White Material
3502,Klasse Wrecks
3503,Neon Finger
3504,Giant Steps
3505,illegal Stockholm
3506,Analog Movement Creations
3507,Reddline Records
3508,Peter's Oldies Trax
3509,ACP Recordings
3510,HOG Records
3511,Totally Gross National Product
3512,Foul Play
3513,Audio.nl
3514,TBD Records
3515,FATi Records
3516,Frictional Recordings
3517,Brif Records
3518,Theory Recordings
3519,MonoÌød
3520,Logistic Records
3521,Velocity Recordings 
3522,Jinxx Records
3523,Wavescape
3524,De:Bug Hartwaren
3525,Interwave
3526,Nucamp
3527,Third Man Records
3528,Amber Muse
3529,Hot Piroski
3530,Ein Produkt
3531,Tam Tam Records
3532,Roots For Bloom
3533,Metalbox
3534,Chronic
3535,Android Muziq
3536,MTA
3537,Affin LTD
3538,Synapse
3539,Pets Recordings
3540,Mutant Sound System
3541,etiket
3542,Signature Records
3543,Teknotika Records
3544,Holographic
3545,Shadow Play
3546,Concrete
3547,Take It Easy 
3548,Key Vinyl
3549,Chestplate
3550,Manifold Records
3551,Thirsty Ear
3552,Anarchostar
3553,Harvard Square Records
3554,Technique Recordings
3555,Bubble Core Records
3556,Dame-Music
3557,Ambra Recordings
3558,The Last Label
3559,Filterless Records
3560,Castanea Records
3561,Trigger
3562,Voodoo 
3563,Blueten
3564,Harbor Light Records
3565,Hydrogen Dukebox
3566,Select Cuts
3567,4 x 4 Recordings
3568,Cool 'n' Easy Records
3569,D-Records
3570,Underground Music Xperience
3571,Untidy Trax
3572,Vendome Records
3573,FÌ_n
3574,Back To Mine
3575,Everlasting Records
3576,LuvDisaster
3577,Finest Hour Records
3578,Throw Away Records
3579,Birken Ltd
3580,Ignition
3581,Resonant Recordings
3582,XIII
3583,Royal Crown
3584,Blur Records Los Angeles
3585,PolyGram
3586,Underground Sound
3587,Dreck Records
3588,Templar Label Group
3589,null+void Recordings
3590,DUPLOC
3591,777 Recordings
3592,Mean Streets
3593,Tribal Net
3594,NÌ_mada Records
3595,We Buy Gold 
3596,Halcyon Veil
3597,Fokuz Recordings
3598,Talman Records
3599,Different Circles
3600,Premier Sounds
3601,Shotgun Records 
3602,Blast Beat
3603,ANS
3604,Profane Existence
3605,Disturbance Records 
3606,Pork Recordings
3607,åÁYa Basta!
3608,New Red Archives
3609,Sub/Version
3610,Cosmic Sounds
3611,Toxic Shock
3612,Red Lion Entertainment
3613,Trope Recordings
3614,Juice Records US
3615,Ropeadope Records
3616,G-Swing
3617,Osman
3618,R2 Records
3619,Big Sur Recordings
3620,White House Records
3621,Six Weeks
3622,Tricky Filter
3623,Flower Records
3624,Lip Service Magazine
3625,Six Shooter
3626,MyHouse YourHouse
3627,Cahoots Records
3628,EG
3629,Hangars Liquides
3630,Gold Standard Laboratories
3631,Honest Jon's Records
3632,Tomato
3633,Mash Up
3634,Corrupt Redux
3635,Punish
3636,Kajmere Sound Recordings
3637,Shake It! Records
3638,Canoe 
3639,Straight Ahead
3640,Ralph Records
3641,Soul Jazz Records
3642,Imputor?
3643,Hundred Flowers
3644,Dub Plate Style 
3645,Frontline Of Sound
3646,Corrupt
3647,Casa Trax
3648,Webuildmachines
3649,TZU
3650,Blind Vision Dubs
3651,White Denim
3652,Perfect Location Records
3653,Rage Records
3654,Halftooth Records
3655,Factory Music Chicago
3656,Southside Dubstars
3657,Aquasonic Records
3658,Balance
3659,Wide Hive Records
3660,Rave Or Die
3661,Blue Collar Detroit
3662,Lagaffe Tales
3663,Carpet & Snares Records
3664,D-Style Records
3665,Quiet Records
3666,ID Records
3667,Fixed Rhythms
3668,Moonrise Hill Material
3669,Floorwax
3670,Albion Collective
3671,Underground Music Department 
3672,Tilly Jam
3673,Chem Club Records
3674,Na Zrak Records
3675,Underground Movement Sounds
3676,Mega-Tech Records
3677,Keep On Jumping
3678,Anxious Records
3679,Albatross Records 
3680,King K Rool Records
3681,LSR : LisiÌ¬re Collectif Series
3682,Les Yeux Orange
3683,Nerven Records
3684,Brokntoys
3685,Contagious Recordings
3686,Public Transit Recordings
3687,Infamous Records
3688,Phoenix G.
3689,Dub Thiefs
3690,Shaken Not Stirred
3691,Real World Records
3692,Mode Of Expression
3693,Multicolor Recordings
3694,Panic Sound Records
3695,Ilian Tape
3696,Warehouse Rave
3697,LowDown Music
3698,Resource Records
3699,C-KNOW-EVIL
3700,Tatko
3701,Basenotic Records
3702,Kommuna
3703,Esuoh White
3704,MO-OB
3705,SlothBoogie Editz
3706,Art-Aud
3707,Ladeep Records
3708,Eruption Records
3709,Abucs
3710,Build Recordings
3711,Rag & Bone
3712,Desert Storm Records
3713,MG77
3714,Crydamoure
3715,Argon
3716,Jam 
3717,Dubbed Out
3718,Bad Dog Productions
3719,Sex Trax
3720,Partyline Records
3721,Hot N Ready
3722,SoBe Entertainment
3723,Play It Say What Records
3724,Money Cat Records
3725,Vibenotic Recordings
3726,Vent 
3727,Make Mistakes
3728,Detroit Threads Recordings
3729,Tuskegee Music
3730,TRAM Planet Records
3731,Bold! Stars
3732,Beeswax 
3733,Dark Entries
3734,Baltimore Breakbeat Records
3735,Red Rhino Europe
3736,H2OH Recordings
3737,We Still Believe
3738,Blue BG
3739,React America
3740,Jeffer Seif
3741,D.E.T. Only
3742,ESGN Records
3743,Jack Trax Records
3744,Samosa Records
3745,Paradise Pizza
3746,Detroit Side
3747,Horsie In The Hedge LLP
3748,Quartet Series
3749,Verdicchio Music Publishing
3750,Shift Imprint
3751,Lobster Fury